"","taxized"
"1","Achillea millefolium"
"2","Acinos alpinus"
"3","Agrestis alpina"
"4","Agrestis rupestris"
"5","Agrostis agrostiflora"
"6","Agrostis capillaris"
"7","Alchemilla alpina"
"8","Alchemilla baltica"
"9","Alchemilla fissa"
"10","Alchemilla flabellata"
"11","Alchemilla glabra"
"12","Alchemilla glaucescens"
"13","Alchemilla pentaphyllea"
"14","Alchemilla transiens"
"15","Alchemilla xanthochlora"
"16","Alopecurus magellanicus"
"17","Alsinanthus biflorus"
"18","Androsace obtusifolia"
"19","Androsace vandellii"
"20","Androsace vitaliana"
"21","Anemonoides baldensis"
"22","Antennaria carpatica"
"23","Antennaria dioica"
"24","Anthoxanthum odoratum"
"25","Arabis alpina"
"26","Aretia pubescens"
"27","Armeria alpina"
"28","Artemisia genipi"
"29","Artemisia umbelliformis"
"30","Asplenium adiantum-nigrum"
"31","Asplenium septentrionale"
"32","Asplenium trichomanes"
"33","Asplenium viride"
"34","Aster alpinus"
"35","Astragalus alpinus"
"36","Astragalus australis"
"37","Astrantia major"
"38","Athamanta cretensis"
"39","Atocion rupestre"
"40","Bartsia alpina"
"41","Berardia subacaulis"
"42","Bistorta vivipara"
"43","Botrychium lunaria"
"44","Bupleurum stellatum"
"45","Cacalia alliariae"
"46","Cacalia alpina"
"47","Cacalia leucophylla"
"48","Calathiana brachyphylla"
"49","Callianthemum coriandrifolium"
"50","Campanula cenisia"
"51","Campanula linifolia"
"52","Campanula rhomboidalis"
"53","Campanula rotundifolia"
"54","Capsella bursa-pastoris"
"55","Cardamine bellidifolia"
"56","Cardamine resedifolia"
"57","Carduus medius"
"58","Carex atrata"
"59","Carex bicolor"
"60","Carex digitata"
"61","Carex ferruginea"
"62","Carex foetida"
"63","Carex frigida"
"64","Carex rupestris"
"65","Cassida alpina"
"66","Centaurea uniflora"
"67","Cerastium alpinum"
"68","Cerastium arvense"
"69","Cerastium cerastoides"
"70","Cerastium latifolium"
"71","Cerastium pedunculatum"
"72","Cerastium uniflorum"
"73","Chamerion dodonaei"
"74","Chenopodium bonus-henricus"
"75","Cirsium spinosissimum"
"76","Cotoneaster integerrimus"
"77","Crepis pygmaea"
"78","Cryptogramma crispa"
"79","Cystopteris fragilis"
"80","Daphne alpina"
"81","Deschampsia flexuosa"
"82","Doronicum grandiflorum"
"83","Draba aizoides"
"84","Draba dubia"
"85","Draba fladnizensis"
"86","Draba siliquosa"
"87","Dryas octopetala"
"88","Dryopteris filix-mas"
"89","Empetrum nigrum"
"90","Epilobium alsinifolium"
"91","Epilobium anagallidifolium"
"92","Erigeron acer"
"93","Erigeron gaudinii"
"94","Erigeron glabratus"
"95","Erigeron uniflorus"
"96","Eritrichium nanum"
"97","Euphorbia cyparissias"
"98","Euphrasia alpina"
"99","Euphrasia drosocalyx"
"100","Euphrasia minima"
"101","Euphrasia salisburgensis"
"102","Euphrasia stricta"
"103","Festuca acuminata"
"104","Festuca chalcophaea"
"105","Festuca halleri"
"106","Festuca laevigata"
"107","Festuca melanopsis"
"108","Festuca rubra"
"109","Galium pseudohelveticum"
"110","Galium pumilum"
"111","Gamochaeta norvegica"
"112","Gentiana acaulis"
"113","Gentiana nivalis"
"114","Gentiana verna"
"115","Gentianella campestris"
"116","Geranium rivulare"
"117","Geranium sylvaticum"
"118","Geum reptans"
"119","Geum urbanum"
"120","Globularia cordifolia"
"121","Gnaphalium supinum"
"122","Gymnocarpium robertianum"
"123","Gypsophila repens"
"124","Helictotrichon sedenense"
"125","Helictotrichon versicolor"
"126","Herniaria alpina"
"127","Hieracium alpinum"
"128","Hieracium antarcticum"
"129","Hieracium piliferum"
"130","Hieracium pilosella"
"131","Hieracium villosum"
"132","Homogyne alpina"
"133","Hornungia alpina"
"134","Huperzia selago"
"135","Hypericum richeri"
"136","Imperatoria ostruthium"
"137","Juncus trifidus"
"138","Juncus triglumis"
"139","Juniperus sabina"
"140","Juniperus sibirica"
"141","Kobresia curvula"
"142","Kobresia myosuroides"
"143","Leontodon autumnalis"
"144","Leontodon pyrenaicus"
"145","Leontopodium brachyactis"
"146","Leucanthemopsis alpina"
"147","Linaria alpina"
"148","Lloydia serotina"
"149","Lotus alpinus"
"150","Luzula alpinopilosa"
"151","Luzula lutea"
"152","Luzula maxima"
"153","Luzula nutans"
"154","Luzula spicata"
"155","Micranthes stellaris"
"156","Minuartia laricifolia"
"157","Minuartia oreina"
"158","Minuartia sedoides"
"159","Minuartia verna"
"160","Murbeckiella pinnatifida"
"161","Myosotis alpestris"
"162","Myosotis decumbens"
"163","Nardus stricta"
"164","Noccaea rotundifolia"
"165","Oxyria digyna"
"166","Oxytropis campestris"
"167","Oxytropis helvetica"
"168","Papaver aurantiacum"
"169","Parageum montanum"
"170","Paronychia polygonifolia"
"171","Pedicularis kerneri"
"172","Pedicularis rostratospicata"
"173","Pedicularis tuberosa"
"174","Pedicularis verticillata"
"175","Phleum alpinum"
"176","Phyteuma michelii"
"177","Pilosella peleteriana"
"178","Pinguicula vulgaris"
"179","Plantago neumannii"
"180","Poa alpina"
"181","Poa annua"
"182","Poa cenisia"
"183","Poa laxa"
"184","Poa supina"
"185","Polygala alpina"
"186","Polygonum aviculare"
"187","Polystichum lonchitis"
"188","Potentilla aurea"
"189","Potentilla crantzii"
"190","Potentilla frigida"
"191","Potentilla grandiflora"
"192","Primula hirsuta"
"193","Primula pedemontana"
"194","Ptarmica nana"
"195","Pulsatilla vernalis"
"196","Ranunculus glacialis"
"197","Ranunculus grenierianus"
"198","Ranunculus montanus"
"199","Rapunculus hemisphaericus"
"200","Rapunculus orbicularis"
"201","Rhododendron ferrugineum"
"202","Rubus idaeus"
"203","Rubus saxatilis"
"204","Rumex scutatus"
"205","Sagina glabra"
"206","Sagina saginoides"
"207","Salix appendiculata"
"208","Salix breviserrata"
"209","Salix glaucosericea"
"210","Salix hastata"
"211","Salix herbacea"
"212","Salix laggeri"
"213","Salix reticulata"
"214","Salix retusa"
"215","Saussurea alpina"
"216","Saxifraga aizoides"
"217","Saxifraga androsacea"
"218","Saxifraga aspera"
"219","Saxifraga biflora"
"220","Saxifraga bryoides"
"221","Saxifraga exarata"
"222","Saxifraga oppositifolia"
"223","Saxifraga paniculata"
"224","Saxifraga retusa"
"225","Sedella atrata"
"226","Sedum alpestre"
"227","Sedum anacampseros"
"228","Sempervivum arachnoideum"
"229","Sempervivum montanum"
"230","Senecio doronicum"
"231","Senecio incanus"
"232","Sesleria caerulea"
"233","Sibbaldia procumbens"
"234","Silene acaulis"
"235","Silene vulgaris"
"236","Soldanella alpina"
"237","Solidago virgaurea"
"238","Taraxacum alpinum"
"239","Taraxacum dissectum"
"240","Taraxacum montanum"
"241","Taraxacum officinale"
"242","Thymus praecox"
"243","Thymus serpyllum"
"244","Tolpis staticifolia"
"245","Trifolium alpinum"
"246","Trifolium badium"
"247","Trifolium pallescens"
"248","Trifolium pratense"
"249","Trifolium repens"
"250","Trifolium saxatile"
"251","Trifolium thalii"
"252","Trimorpha alpina"
"253","Trisetaria distichophylla"
"254","Trisetum flavescens"
"255","Trisetum spicatum"
"256","Urtica dioica"
"257","Vaccinium myrtillus"
"258","Vaccinium uliginosum"
"259","Valeriana montana"
"260","Veronica allionii"
"261","Veronica alpina"
"262","Veronica aphylla"
"263","Veronica bellidioides"
"264","Veronica fruticans"
"265","Veronica serpyllifolia"
"266","Viola calcarata"
"267","Viola rupestris"
"268","Vulpia quadriflora"
"269","Zz Lichens"
"270","Abies alba"
"271","Acer campestre"
"272","Acer monspessulanum"
"273","Acer opalus"
"274","Acer platanoides"
"275","Acer pseudoplatanus"
"276","Achillea distans"
"277","Achillea nobilis"
"278","Achillea roseo"
"279","Achnatherum calamagrostis"
"280","Aconitum anthora"
"281","Aconitum laeve"
"282","Aconitum variegatum"
"283","Actaea spicata"
"284","Adenostyles alliariae"
"285","Adenostyles alpina"
"286","Adenostyles leucophylla"
"287","Adonis aestivalis"
"288","Adoxa moschatellina"
"289","Aegopodium podagraria"
"290","Aethionema saxatile"
"291","Aethusa cynapium"
"292","Agrimonia eupatoria"
"293","Agrostis stolonifera"
"294","Ajuga chamaepitys"
"295","Ajuga genevensis"
"296","Ajuga pyramidalis"
"297","Ajuga reptans"
"298","Alchemilla conjuncta"
"299","Alchemilla connivens"
"300","Alchemilla gracilis"
"301","Alchemilla incisa"
"302","Alchemilla monticola"
"303","Alchemilla plicata"
"304","Alchemilla saxatilis"
"305","Alchemilla subcrenata"
"306","Alisma plantago-aquatica"
"307","Alliaria petiolata"
"308","Allium lineare"
"309","Allium oleraceum"
"310","Allium schoenoprasum"
"311","Allium scorodoprasum"
"312","Allium senescens"
"313","Allium tauricum"
"314","Allium ursinum"
"315","Allium victorialis"
"316","Alnus glutinosa"
"317","Alnus incana"
"318","Alnus viridis"
"319","Alopecurus myosuroides"
"320","Alyssoides utriculata"
"321","Alyssum alpestre"
"322","Alyssum alyssoides"
"323","Amelanchier ovalis"
"324","Amygdalus communis"
"325","Androrchis pallens"
"326","Androsace carnea"
"327","Androsace helvetica"
"328","Androsace maxima"
"329","Anemone narcissiflora"
"330","Anemonoides ranunculoides"
"331","Angelica sylvestris"
"332","Anthericum liliago"
"333","Anthriscus sylvestris"
"334","Anthyllis montana"
"335","Anthyllis vulneraria"
"336","Antirrhinum majus"
"337","Aquilegia vulgaris"
"338","Arabidopsis thaliana"
"339","Arabis allionii"
"340","Arabis auriculata"
"341","Arabis caerulea"
"342","Arabis ciliata"
"343","Arabis collina"
"344","Arabis hirsuta"
"345","Arabis nova"
"346","Arabis sagittata"
"347","Arabis soyeri"
"348","Arctium minus"
"349","Arctium nemorosum"
"350","Arctostaphylos uva-ursi"
"351","Arenaria gothica"
"352","Arenaria serpyllifolia"
"353","Armeria arenaria"
"354","Arnica montana"
"355","Arrhenatherum elatius"
"356","Arrhenatherum parlatorei"
"357","Artemisia absinthium"
"358","Artemisia alba"
"359","Artemisia atrata"
"360","Artemisia campestris"
"361","Artemisia vulgaris"
"362","Arum maculatum"
"363","Aruncus dioicus"
"364","Asarum europaeum"
"365","Asparagus tenuifolius"
"366","Asperugo procumbens"
"367","Asperula cynanchica"
"368","Asphodelus albus"
"369","Asphodelus macrocarpus"
"370","Asplenium ceterach"
"371","Asplenium exiguum"
"372","Asplenium ruta-muraria"
"373","Astragalus austriacus"
"374","Astragalus cicer"
"375","Astragalus danicus"
"376","Astragalus depressus"
"377","Astragalus glycyphyllos"
"378","Astragalus monspessulanus"
"379","Astragalus onobrychis"
"380","Astragalus penduliflorus"
"381","Astragalus sempervirens"
"382","Astragalus stella"
"383","Astragalus vesicarius"
"384","Athyrium alpestre"
"385","Athyrium filix-femina"
"386","Atragene alpina"
"387","Atropa belladonna"
"388","Barbarea intermedia"
"389","Barbarea vulgaris"
"390","Bellardiochloa variegata"
"391","Bellidiastrum michelii"
"392","Berberis vulgaris"
"393","Betonica officinalis"
"394","Betula pendula"
"395","Betula pubescens"
"396","Biscutella laevigata"
"397","Bistorta officinalis"
"398","Bitteria digitata"
"399","Blackstonia perfoliata"
"400","Blechnum spicant"
"401","Blysmus compressus"
"402","Bombycilaena erecta"
"403","Bothriochloa ischaemum"
"404","Brachypodium pinnatum"
"405","Brachypodium rupestre"
"406","Brachypodium sylvaticum"
"407","Brassica repanda"
"408","Briza media"
"409","Bromus benekenii"
"410","Bromus erectus"
"411","Bromus hordeaceus"
"412","Bromus inermis"
"413","Bromus squarrosus"
"414","Bromus sterilis"
"415","Bromus tectorum"
"416","Bryonia cretica"
"417","Buddleja davidii"
"418","Buglossoides arvensis"
"419","Buglossoides incrassata"
"420","Bunias orientalis"
"421","Bunium bulbocastanum"
"422","Buphthalmum salicifolium"
"423","Bupleurum falcatum"
"424","Bupleurum petraeum"
"425","Bupleurum ranunculoides"
"426","Bupleurum rotundifolium"
"427","Buxus sempervirens"
"428","Calamagrostis epigejos"
"429","Calamagrostis pseudophragmites"
"430","Calamagrostis schraderiana"
"431","Calamagrostis varia"
"432","Calamagrostis villosa"
"433","Calathiana bavarica"
"434","Calathiana orbicularis"
"435","Calathiana verna"
"436","Calluna vulgaris"
"437","Caltha palustris"
"438","Calystegia sepium"
"439","Camelina microcarpa"
"440","Campanula alpestris"
"441","Campanula glomerata"
"442","Campanula latifolia"
"443","Campanula patula"
"444","Campanula persicifolia"
"445","Campanula rapunculoides"
"446","Campanula spicata"
"447","Campanula trachelium"
"448","Cardamine alpina"
"449","Cardamine heptaphylla"
"450","Cardamine hirsuta"
"451","Cardamine impatiens"
"452","Cardamine pentaphyllos"
"453","Carduus acanthoides"
"454","Carduus carlinifolius"
"455","Carduus defloratus"
"456","Carduus nutans"
"457","Carduus personata"
"458","Carex acutiformis"
"459","Carex alba"
"460","Carex capillaris"
"461","Carex caryophyllea"
"462","Carex cespitosa"
"463","Carex chillanensis"
"464","Carex davalliana"
"465","Carex echinata"
"466","Carex flacca"
"467","Carex flava"
"468","Carex hirta"
"469","Carex hordeistichos"
"470","Carex hostiana"
"471","Carex humilis"
"472","Carex liparocarpos"
"473","Carex macloviana"
"474","Carex montana"
"475","Carex muricata"
"476","Carex pallescens"
"477","Carex panicea"
"478","Carex planostachys"
"479","Carex rostrata"
"480","Carex spicata"
"481","Carex sylvatica"
"482","Carex vesicaria"
"483","Carex viridula"
"484","Carex vulpina"
"485","Carlina acanthifolia"
"486","Carlina acaulis"
"487","Carlina biebersteinii"
"488","Carlina vulgaris"
"489","Carum carvi"
"490","Catananche caerulea"
"491","Caucalis platycarpos"
"492","Cedrus atlantica"
"493","Centaurea jacea"
"494","Centaurea scabiosa"
"495","Centaurea solstitialis"
"496","Centaurea stoebe"
"497","Centaurium erythraea"
"498","Centranthus angustifolius"
"499","Centranthus calcitrapae"
"500","Cephalanthera damasonium"
"501","Cephalanthera longifolia"
"502","Cephalaria alpina"
"503","Cerastium fontanum"
"504","Cerastium pumilum"
"505","Cerastium semidecandrum"
"506","Cerasus avium"
"507","Cerinthe glabra"
"508","Cerinthe minor"
"509","Chaenorhinum minus"
"510","Chaenorhinum rubrifolium"
"511","Chaerophyllum aureum"
"512","Chaerophyllum temulum"
"513","Chaerophyllum villarsii"
"514","Chamaedrys montana"
"515","Chamaenerion montanum"
"516","Chamorchis alpina"
"517","Chara Linnaeus"
"518","Chelidonium majus"
"519","Chenopodium album"
"520","Chondrilla juncea"
"521","Chrysosplenium alternifolium"
"522","Cichorium intybus"
"523","Cirsium acaule"
"524","Cirsium arvense"
"525","Cirsium eriophorum"
"526","Cirsium monspessulanum"
"527","Cirsium palustre"
"528","Cirsium vulgare"
"529","Cladium mariscus"
"530","Clematis vitalba"
"531","Clinopodium acinos"
"532","Clinopodium alpinum"
"533","Clinopodium grandiflorum"
"534","Clinopodium nepeta"
"535","Clinopodium vulgare"
"536","Coincya monensis"
"537","Coincya richeri"
"538","Colchicum alpinum"
"539","Colchicum autumnale"
"540","Colutea arborescens"
"541","ComplÂŽment flore"
"542","Consolida regalis"
"543","Convallaria majalis"
"544","Convolvulus arvensis"
"545","Conyza canadensis"
"546","Corallorhiza trifida"
"547","Coristospermum ferulaceum"
"548","Cormus domestica"
"549","Coronilla minima"
"550","Coronilla vaginalis"
"551","Corydalis intermedia"
"552","Corydalis solida"
"553","Corylus avellana"
"554","Cotoneaster tomentosus"
"555","Crataegus laevigata"
"556","Crataegus monogyna"
"557","Crepis aurea"
"558","Crepis biennis"
"559","Crepis conyzifolia"
"560","Crepis foetida"
"561","Crepis nicaeensis"
"562","Crepis paludosa"
"563","Crepis pontana"
"564","Crepis pyrenaica"
"565","Crepis vesicaria"
"566","Crocus vernus"
"567","Cruciata glabra"
"568","Cruciata laevipes"
"569","Crupina vulgaris"
"570","Cucubalus baccifer"
"571","Cuscuta epilinum"
"572","Cuscuta epithymum"
"573","Cuscuta europaea"
"574","Cuscuta planiflora"
"575","Cyanus montanus"
"576","Cyanus segetum"
"577","Cynoglossum officinale"
"578","Cynosurus cristatus"
"579","Cypripedium calceolus"
"580","Cystopteris dickieana"
"581","Cytisophyllum sessilifolium"
"582","Dactylis glomerata"
"583","Dactylorhiza fuchsii"
"584","Dactylorhiza incarnata"
"585","Dactylorhiza lapponica"
"586","Dactylorhiza maculata"
"587","Dactylorhiza majalis"
"588","Dactylorhiza sambucina"
"589","Dactylorhiza viridis"
"590","Danthonia decumbens"
"591","Daphne cneorum"
"592","Daphne laureola"
"593","Daphne mezereum"
"594","Dasistepha asclepiadea"
"595","Daucus carota"
"596","Deschampsia cespitosa"
"597","Descurainia sophia"
"598","Descurainia tanacetifolia"
"599","Dianthus carthusianorum"
"600","Dianthus caryophyllus"
"601","Dianthus deltoides"
"602","Dianthus hyssopifolius"
"603","Dianthus pavonius"
"604","Diaphyllum longifolium"
"605","Digitalis grandiflora"
"606","Digitalis lutea"
"607","Dioscorea communis"
"608","Dittrichia graveolens"
"609","Doronicum pardalianches"
"610","Dorycnium pentaphyllum"
"611","Draba verna"
"612","Dracocephalum ruyschiana"
"613","Drosera rotundifolia"
"614","Dryopteris dilatata"
"615","Dryopteris expansa"
"616","Dryopteris mindshelkensis"
"617","Echinops ritro"
"618","Echinops sphaerocephalus"
"619","Echium vulgare"
"620","Ecologie verticale"
"621","Edritria ferruginea"
"622","Eleocharis macrostachya"
"623","Eleocharis mamillata"
"624","Eleocharis quinqueflora"
"625","Eleocharis uniglumis"
"626","Elymus caninus"
"627","Elymus repens"
"628","Elytrigia intermedia"
"629","Epilobium alpestre"
"630","Epilobium angustifolium"
"631","Epilobium collinum"
"632","Epilobium hirsutum"
"633","Epilobium palustre"
"634","Epilobium parviflorum"
"635","Epipactis atrorubens"
"636","Epipactis helleborine"
"637","Epipactis palustris"
"638","Epipogium aphyllum"
"639","Equisetum arvense"
"640","Equisetum fluviatile"
"641","Equisetum hyemale"
"642","Equisetum palustre"
"643","Equisetum variegatum"
"644","Erigeron acris"
"645","Erigeron annuus"
"646","Erigeron neglectus"
"647","Erinus alpinus"
"648","Eriophorum angustifolium"
"649","Eriophorum latifolium"
"650","Eriophorum scheuchzeri"
"651","Erodium cicutarium"
"652","Erucastrum nasturtiifolium"
"653","Eryngium alpinum"
"654","Eryngium campestre"
"655","Erysimum jugicola"
"656","Erysimum nevadense"
"657","Erysimum ochroleucum"
"658","Erysimum rhaeticum"
"659","Erysimum virgatum"
"660","Euonymus europaeus"
"661","Euonymus latifolius"
"662","Eupatorium cannabinum"
"663","Euphorbia brittingeri"
"664","Euphorbia exigua"
"665","Euphorbia helioscopia"
"666","Euphrasia hirtella"
"667","Euphrasia kerneri"
"668","Euphrasia pectinata"
"669","Fagus sylvatica"
"670","Fallopia convolvulus"
"671","Fallopia japonica"
"672","Festuca altissima"
"673","Festuca arundinacea"
"674","Festuca flavescens"
"675","Festuca gigantea"
"676","Festuca heterophylla"
"677","Festuca ovina"
"678","Festuca pratensis"
"679","Festuca valesiaca"
"680","Filago arvensis"
"681","Filipendula ulmaria"
"682","Filipendula vulgaris"
"683","Fourraea alpina"
"684","Fragaria vesca"
"685","Fraxinus excelsior"
"686","Fumana procumbens"
"687","Gagea liotardii"
"688","Gagea nakaiana"
"689","Galeopsis ladanum"
"690","Galeopsis tetrahit"
"691","Galium aparine"
"692","Galium boreale"
"693","Galium commune"
"694","Galium corrudifolium"
"695","Galium glaucum"
"696","Galium lucidum"
"697","Galium megalospermum"
"698","Galium mollugo"
"699","Galium odoratum"
"700","Galium palustre"
"701","Galium rotundifolium"
"702","Galium rubrum"
"703","Galium sylvaticum"
"704","Galium verum"
"705","Gamochaeta sylvatica"
"706","Genista cinerea"
"707","Genista pilosa"
"708","Genistella sagittalis"
"709","Gentiana cruciata"
"710","Gentiana pneumonanthe"
"711","Gentianella tenella"
"712","Gentianopsis ciliata"
"713","Gentianusa lutea"
"714","Gentianusa punctata"
"715","Geranium argenteum"
"716","Geranium columbinum"
"717","Geranium lucidum"
"718","Geranium molle"
"719","Geranium nodosum"
"720","Geranium phaeum"
"721","Geranium pyrenaicum"
"722","Geranium robertianum"
"723","Geranium rotundifolium"
"724","Geranium sanguineum"
"725","Geum rivale"
"726","Glechoma hederacea"
"727","Glechoma nepetella"
"728","Globularia bisnagarica"
"729","Glyceria fluitans"
"730","Glyceria notata"
"731","Gnaphalium hoppeanum"
"732","Goodyera repens"
"733","Gymnadenia conopsea"
"734","Gymnadenia nigra"
"735","Gymnocarpium dryopteris"
"736","Hedera helix"
"737","Hedysarum hedysaroides"
"738","Helianthemum apenninum"
"739","Helianthemum grandiflorum"
"740","Helianthemum nummularium"
"741","Helianthemum oelandicum"
"742","Helictotrichon pratense"
"743","Helictotrichon pubescens"
"744","Helictotrichon sempervirens"
"745","Helleborus foetidus"
"746","Hepatica nobilis"
"747","Heracleum sphondylium"
"748","Herniaria hirsuta"
"749","Herniaria incana"
"750","Herorchis morio"
"751","Hieracium amplexicaule"
"752","Hieracium argillaceum"
"753","Hieracium aurantiacum"
"754","Hieracium bifidum"
"755","Hieracium cymosum"
"756","Hieracium diaphanoides"
"757","Hieracium glaucinum"
"758","Hieracium intybaceum"
"759","Hieracium inuloides"
"760","Hieracium juranum"
"761","Hieracium lachenalii"
"762","Hieracium lactucella"
"763","Hieracium lawsonii"
"764","Hieracium murorum"
"765","Hieracium niphobium"
"766","Hieracium piloselloides"
"767","Hieracium pilosum"
"768","Hieracium praealtum"
"769","Hieracium prenanthoides"
"770","Hieracium sabaudum"
"771","Hieracium schmidtii"
"772","Hieracium umbellatum"
"773","Hieracium umbrosum"
"774","Hieracium valdepilosum"
"775","Himantoglossum hircinum"
"776","Hippocrepis comosa"
"777","Hippocrepis emerus"
"778","Hippophae rhamnoides"
"779","Holcus lanatus"
"780","Holosteum umbellatum"
"781","Hordelymus europaeus"
"782","Hordeum marinum"
"783","Humulus lupulus"
"784","Hylotelephium telephium"
"785","Hyoscyamus niger"
"786","Hypericum hirsutum"
"787","Hypericum maculatum"
"788","Hypericum montanum"
"789","Hypericum perforatum"
"790","Hypochaeris maculata"
"791","Hypochaeris radicata"
"792","Hyssopus officinalis"
"793","Iberis pinnata"
"794","Ilex aquifolium"
"795","Impatiens glandulifera"
"796","Inula conyza"
"797","Inula montana"
"798","Isatis tinctoria"
"799","Ixoca pusilla"
"800","Jacobaea incana"
"801","Jasione montana"
"802","Jonorchis abortiva"
"803","Juglans nigra"
"804","Juglans regia"
"805","Juncus alpinoarticulatus"
"806","Juncus arcticus"
"807","Juncus articulatus"
"808","Juncus bufonius"
"809","Juncus compressus"
"810","Juncus effusus"
"811","Juncus filiformis"
"812","Juncus inflexus"
"813","Juncus jacquini"
"814","Juniperus communis"
"815","Kernera saxatilis"
"816","Knautia arvensis"
"817","Knautia dipsacifolia"
"818","Koeleria cenisia"
"819","Koeleria pyramidata"
"820","Koeleria vallesiana"
"821","Laburnum alpinum"
"822","Laburnum anagyroides"
"823","Lactuca alpina"
"824","Lactuca muralis"
"825","Lactuca perennis"
"826","Lactuca serriola"
"827","Lamium amplexicaule"
"828","Lamium garganicum"
"829","Lamium maculatum"
"830","Lamium purpureum"
"831","Lappula squarrosa"
"832","Lapsana communis"
"833","Larix decidua"
"834","Laserpitium gallicum"
"835","Laserpitium halleri"
"836","Laserpitium latifolium"
"837","Laserpitium siler"
"838","Lathyrus latifolius"
"839","Lathyrus linifolius"
"840","Lathyrus ochraceus"
"841","Lathyrus pratensis"
"842","Lathyrus sphaericus"
"843","Lathyrus sylvestris"
"844","Lathyrus vernus"
"845","Lavandula angustifolia"
"846","Leontodon crispus"
"847","Leontodon hirtus"
"848","Leontodon hispidus"
"849","Lerouxia nemorum"
"850","Leucanthemum adustum"
"851","Leucanthemum atratum"
"852","Leucanthemum pallens"
"853","Leucanthemum vulgare"
"854","Ligustrum vulgare"
"855","Lilium bulbiferum"
"856","Lilium martagon"
"857","Limodorum rubrum"
"858","Linaria angustissima"
"859","Linaria repens"
"860","Linaria simplex"
"861","Linum alpinum"
"862","Linum catharticum"
"863","Linum suffruticosum"
"864","Linum tenuifolium"
"865","Listera nidus-avis"
"866","Listera ovata"
"867","Lithospermum officinale"
"868","Lolium perenne"
"869","Lomelosia graminifolia"
"870","Lonicera caerulea"
"871","Lonicera etrusca"
"872","Lonicera nigra"
"873","Lonicera webbiana"
"874","Lonicera xylosteum"
"875","Loroglossum anthropophorum"
"876","Lotus corniculatus"
"877","Lotus delortii"
"878","Lunaria annua"
"879","Lunaria rediviva"
"880","Luzula campestris"
"881","Luzula luzulina"
"882","Luzula multiflora"
"883","Luzula nivea"
"884","Luzula sudetica"
"885","Luzula sylvatica"
"886","Lycopus europaeus"
"887","Lysimachia arvensis"
"888","Lysimachia vulgaris"
"889","Lythrum salicaria"
"890","Macrosyringion glutinosum"
"891","Maianthemum bifolium"
"892","Malus sylvestris"
"893","Malva alcea"
"894","Malva moschata"
"895","Matricaria matricarioides"
"896","Medicago lupulina"
"897","Medicago minima"
"898","Medicago sativa"
"899","Melampyrum sylvaticum"
"900","Melica ciliata"
"901","Melica nutans"
"902","Melica uniflora"
"903","Melilotus albus"
"904","Melilotus officinalis"
"905","Melittis melissophyllum"
"906","Mentha aquatica"
"907","Mentha arvensis"
"908","Mentha longifolia"
"909","Merendera verna"
"910","Meum athamanticum"
"911","Microthlaspi perfoliatum"
"912","Milium effusum"
"913","Minuartia rostrata"
"914","Minuartia rupestris"
"915","Minuartia villarii"
"916","Moehringia muscosa"
"917","Moehringia trinervia"
"918","Molinia caerulea"
"919","Moneses uniflora"
"920","Monotropa hypopitys"
"921","Muscari comosum"
"922","Muscari neglectum"
"923","Mutellina adonidifolia"
"924","Myosotis arvensis"
"925","Myosotis corsicana"
"926","Myosotis ramosissima"
"927","Myosotis stricta"
"928","Myricaria germanica"
"929","Narcissus poeticus"
"930","Nasturtium officinale"
"931","Neotinea ustulata"
"932","Nepeta nuda"
"933","Noccaea caerulescens"
"934","Onobrychis saxatilis"
"935","Onobrychis viciifolia"
"936","Ononis arvensis"
"937","Ononis cristata"
"938","Ononis fruticosa"
"939","Ononis natrix"
"940","Ononis pusilla"
"941","Ononis rotundifolia"
"942","Ophioglossum vulgatum"
"943","Ophrys fuciflora"
"944","Ophrys insectifera"
"945","Ophrys sphegodes"
"946","Orchis mascula"
"947","Orchis militaris"
"948","Orchis purpurea"
"949","Orchites globosa"
"950","Oreoselinum nigrum"
"951","Origanum vulgare"
"952","Orlaya grandiflora"
"953","Ornithogalum umbellatum"
"954","Orobanche caryophyllacea"
"955","Orobanche laserpitii"
"956","Orobanche major"
"957","Orobanche purpurea"
"958","Orobanche teucrii"
"959","Orthantha lutea"
"960","Orthilia secunda"
"961","Oxalis acetosella"
"962","Oxalis fontana"
"963","Oxytropis fetida"
"964","Oxytropis jacquini"
"965","Oxytropis lapponica"
"966","Oxytropis pilosa"
"967","Padus avium"
"968","Paeonia officinalis"
"969","Papaver alpinum"
"970","Papaver dubium"
"971","Paris quadrifolia"
"972","Parnassia palustris"
"973","Paronychia kapela"
"974","Pastinaca sativa"
"975","Patzkea paniculata"
"976","Pedicularis comosa"
"977","Pedicularis foliosa"
"978","Pedicularis gyroflexa"
"979","Persicaria amphibia"
"980","Persicaria lapathifolia"
"981","Persicaria maculosa"
"982","Persicaria mitis"
"983","Petasites albus"
"984","Petasites hybridus"
"985","Petasites paradoxus"
"986","Petrorhagia prolifera"
"987","Petrorhagia saxifraga"
"988","Phaca hypoglottis"
"989","Phegopteris connectilis"
"990","Phleum phleoides"
"991","Phleum pratense"
"992","Phragmites australis"
"993","Phyteuma ovatum"
"994","Phyteuma scheuchzeri"
"995","Phyteuma scorzonerifolium"
"996","Phyteuma spicatum"
"997","Picea abies"
"998","Picris hieracioides"
"999","Pimpinella major"
"1000","Pimpinella saxifraga"
"1001","Pinguicula alpina"
"1002","Pinus mugo"
"1003","Pinus nigra"
"1004","Pinus sylvestris"
"1005","Pisum heterophyllum"
"1006","Plantago atrata"
"1007","Plantago holosteum"
"1008","Plantago lanceolata"
"1009","Plantago major"
"1010","Plantago maritima"
"1011","Plantago media"
"1012","Plantago sempervirens"
"1013","Platanthera chlorantha"
"1014","Pleisolirion liliastrum"
"1015","Pleurospermum austriacum"
"1016","Poa badensis"
"1017","Poa bulbosa"
"1018","Poa chaixii"
"1019","Poa glauca"
"1020","Poa nemoralis"
"1021","Poa perconcinna"
"1022","Poa pratensis"
"1023","Poa trivialis"
"1024","Polichia galeobdolon"
"1025","Polycnemum majus"
"1026","Polygala alpestris"
"1027","Polygala amarella"
"1028","Polygala calcarea"
"1029","Polygala chamaebuxus"
"1030","Polygala comosa"
"1031","Polygala vulgaris"
"1032","Polygonatum odoratum"
"1033","Polygonatum verticillatum"
"1034","Polygonum alpinum"
"1035","Polygonum viviparum"
"1036","Polypodium interjectum"
"1037","Polypodium vulgare"
"1038","Polystichum aculeatum"
"1039","Populus alba"
"1040","Populus nigra"
"1041","Populus tremula"
"1042","Porrum sphaerocephaluon"
"1043","Potamogeton alpinus"
"1044","Potentilla argentea"
"1045","Potentilla caulescens"
"1046","Potentilla chrysantha"
"1047","Potentilla cinerea"
"1048","Potentilla erecta"
"1049","Potentilla hirta"
"1050","Potentilla inclinata"
"1051","Potentilla neumanniana"
"1052","Potentilla nivalis"
"1053","Potentilla reptans"
"1054","Potentilla rupestris"
"1055","Prenanthes purpurea"
"1056","Primula elatior"
"1057","Primula farinosa"
"1058","Primula latifolia"
"1059","Primula veris"
"1060","Primula vulgaris"
"1061","Prunella grandiflora"
"1062","Prunella laciniata"
"1063","Prunella vulgaris"
"1064","Prunus domestica"
"1065","Prunus mahaleb"
"1066","Prunus spinosa"
"1067","Pseudorchis albida"
"1068","Pseudoturritis turrita"
"1069","Ptarmica macrophylla"
"1070","Pteridium aquilinum"
"1071","Pteroselinum austriacum"
"1072","Ptychotis saxifraga"
"1073","Pulmonaria angustifolia"
"1074","Pulmonaria longifolia"
"1075","Pulmonaria montana"
"1076","Pulmonaria saccharata"
"1077","Pulsatilla alpina"
"1078","Pulsatilla halleri"
"1079","Pulsatilla montana"
"1080","Pyrola chlorantha"
"1081","Pyrola media"
"1082","Pyrola minor"
"1083","Pyrola rotundifolia"
"1084","Pyrus malus"
"1085","Pyrus pyraster"
"1086","Pythius dulcis"
"1087","Quercus petraea"
"1088","Quercus pubescens"
"1089","Quercus robur"
"1090","Ranunculus aconitifolius"
"1091","Ranunculus acris"
"1092","Ranunculus aduncus"
"1093","Ranunculus arvensis"
"1094","Ranunculus auricomus"
"1095","Ranunculus bulbosus"
"1096","Ranunculus gramineus"
"1097","Ranunculus kuepferi"
"1098","Ranunculus lanuginosus"
"1099","Ranunculus parnassifolius"
"1100","Ranunculus platanifolius"
"1101","Ranunculus polyanthemos"
"1102","Ranunculus pyrenaeus"
"1103","Ranunculus repens"
"1104","Ranunculus seguieri"
"1105","Ranunculus trichophyllus"
"1106","Ranunculus tuberosus"
"1107","Rapunculus spicatus"
"1108","Reseda lutea"
"1109","Reseda phyteuma"
"1110","Rhamnus alpina"
"1111","Rhamnus cathartica"
"1112","Rhamnus pumila"
"1113","Rhamnus saxatilis"
"1114","Rhinanthus alectorolophus"
"1115","Rhinanthus glacialis"
"1116","Rhinanthus minor"
"1117","Rhynchopera paniculata"
"1118","Ribes alpinum"
"1119","Ribes carpaticum"
"1120","Ribes uva-crispa"
"1121","Rorippa amphibia"
"1122","Rorippa islandica"
"1123","Rorippa sylvestris"
"1124","Rosa agrestis"
"1125","Rosa caesia"
"1126","Rosa canina"
"1127","Rosa dumalis"
"1128","Rosa elliptica"
"1129","Rosa ferruginea"
"1130","Rosa micrantha"
"1131","Rosa montana"
"1132","Rosa pendulina"
"1133","Rosa rubiginosa"
"1134","Rosa spinosissima"
"1135","Rosa villosa"
"1136","Rubus caesius"
"1137","Rubus fruticosus"
"1138","Rubus gremlii"
"1139","Rubus pruinosus"
"1140","Rubus tomentosus"
"1141","Rubus ulmifolius"
"1142","Rumex acetosa"
"1143","Rumex acetosella"
"1144","Rumex alpestris"
"1145","Rumex alpinus"
"1146","Rumex crispus"
"1147","Rumex obtusifolius"
"1148","Ruyschiana austriaca"
"1149","Sagina procumbens"
"1150","Salix alba"
"1151","Salix aurita"
"1152","Salix caprea"
"1153","Salix cinerea"
"1154","Salix daphnoides"
"1155","Salix eleagnos"
"1156","Salix foetida"
"1157","Salix myrsinifolia"
"1158","Salix pentandra"
"1159","Salix purpurea"
"1160","Salix repens"
"1161","Salix serpyllifolia"
"1162","Salix triandra"
"1163","Salvia nubicola"
"1164","Salvia pratensis"
"1165","Sambucus ebulus"
"1166","Sambucus nigra"
"1167","Sambucus racemosa"
"1168","Sanguisorba minor"
"1169","Sanguisorba officinalis"
"1170","Sanicula europaea"
"1171","Saponaria ocymoides"
"1172","Saponaria officinalis"
"1173","Satureja montana"
"1174","Satyrium bifolium"
"1175","Saussurea discolor"
"1176","Saxifraga cuneifolia"
"1177","Saxifraga granulata"
"1178","Saxifraga moschata"
"1179","Saxifraga rotundifolia"
"1180","Scabiosa columbaria"
"1181","Scabiosa lucida"
"1182","Scabiosa triandra"
"1183","Schoenus nigricans"
"1184","Scirpus sylvaticus"
"1185","Scleranthus annuus"
"1186","Scleranthus perennis"
"1187","Scorzonera austriaca"
"1188","Scorzonera hispanica"
"1189","Scorzoneroides autumnalis"
"1190","Scrophularia canina"
"1191","Scrophularia lucida"
"1192","Scrophularia nodosa"
"1193","Scrophularia peregrina"
"1194","Securigera varia"
"1195","Sedum acre"
"1196","Sedum album"
"1197","Sedum annuum"
"1198","Sedum anopetalum"
"1199","Sedum dasyphyllum"
"1200","Sedum maximum"
"1201","Sedum ochroleucum"
"1202","Sedum rupestre"
"1203","Sedum sediforme"
"1204","Sedum sexangulare"
"1205","Selaginella selaginoides"
"1206","Sempervivum tectorum"
"1207","Senecio doria"
"1208","Senecio erucifolius"
"1209","Senecio ovatus"
"1210","Senecio squalidus"
"1211","Senecio viscosus"
"1212","Serratula tinctoria"
"1213","Seseli annuum"
"1214","Setaria viridis"
"1215","Silaum silaus"
"1216","Silene armeria"
"1217","Silene dioica"
"1218","Silene flos-cuculi"
"1219","Silene flos-jovis"
"1220","Silene italica"
"1221","Silene latifolia"
"1222","Silene nutans"
"1223","Silene otites"
"1224","Silene saxifraga"
"1225","Silene vallesia"
"1226","Sinapis alba"
"1227","Sinapis arvensis"
"1228","Sisymbrium austriacum"
"1229","Solanum dulcamara"
"1230","Solidago gigantea"
"1231","Sonchus arvensis"
"1232","Sonchus oleraceus"
"1233","Sorbus aria"
"1234","Sorbus aucuparia"
"1235","Sorbus chamaemespilus"
"1236","Sorbus mougeotii"
"1237","Sparganium angustifolium"
"1238","Sparganium emersum"
"1239","Sparganium erectum"
"1240","Spiesia halleri"
"1241","Stachys annua"
"1242","Stachys pradica"
"1243","Stachys recta"
"1244","Stachys sylvatica"
"1245","Staehelina dubia"
"1246","Stellaria alsine"
"1247","Stellaria graminea"
"1248","Stellaria holostea"
"1249","Stellaria media"
"1250","Stellaria nemorum"
"1251","Stipa capillata"
"1252","Stipa eriocaulis"
"1253","Stipa pennata"
"1254","Streptopus amplexifolius"
"1255","Strobus cembra"
"1256","Succisa pratensis"
"1257","Swertia perennis"
"1258","Symphyotrichum novi-belgii"
"1259","Symphytum officinale"
"1260","Symphytum tuberosum"
"1261","Synema perenne"
"1262","Tanacetum corymbosum"
"1263","Taraxacum erythrospermum"
"1264","Taraxacum fulvum"
"1265","Taraxacum lapponicum"
"1266","Taraxacum rubicundum"
"1267","Taraxacum sellandii"
"1268","Taxus baccata"
"1269","Telephium imperati"
"1270","Tetragonolobus maritimus"
"1271","Teucrium chamaedrys"
"1272","Teucrium scordium"
"1273","Teucrium scorodonia"
"1274","Thalictrum aquilegiifolium"
"1275","Thalictrum foetidum"
"1276","Thalictrum minus"
"1277","Thalictrum simplex"
"1278","Thelycrania sanguinea"
"1279","Thesium alpinum"
"1280","Thesium humifusum"
"1281","Thesium linophyllon"
"1282","Thlaspi arvense"
"1283","Thymus oenipontanus"
"1284","Thymus pulegioides"
"1285","Thymus striatus"
"1286","Tilia cordata"
"1287","Tilia platyphyllos"
"1288","Tofieldia calyculata"
"1289","Torilis japonica"
"1290","Tozzia alpina"
"1291","Tragopogon crocifolius"
"1292","Tragopogon dubius"
"1293","Tragopogon porrifolius"
"1294","Tragopogon pratensis"
"1295","Trasus tomentosus"
"1296","Trichophorum alpinum"
"1297","Trichophorum cespitosum"
"1298","Trifolium alpestre"
"1299","Trifolium arvense"
"1300","Trifolium aureum"
"1301","Trifolium campestre"
"1302","Trifolium diffusum"
"1303","Trifolium medium"
"1304","Trifolium ochroleucon"
"1305","Trifolium rubens"
"1306","Trifolium spadiceum"
"1307","Triglochin palustre"
"1308","Trigonella monspeliaca"
"1309","Trimorpha attica"
"1310","Trinia glauca"
"1311","Triticum aestivum"
"1312","Triticum durum"
"1313","Trollius europaeus"
"1314","Tulipa sylvestris"
"1315","Turritis glabra"
"1316","Tussilago farfara"
"1317","Typha latifolia"
"1318","Ulmus glabra"
"1319","Ulmus minor"
"1320","Vaccinium vitis-idaea"
"1321","Valeriana dioica"
"1322","Valeriana officinalis"
"1323","Valeriana saliunca"
"1324","Valeriana tripteris"
"1325","Valeriana tuberosa"
"1326","Valerianella dentata"
"1327","Valerianella locusta"
"1328","Veratrum album"
"1329","Verbascum chaixii"
"1330","Verbascum lychnitis"
"1331","Verbascum nigrum"
"1332","Verbascum pulverulentum"
"1333","Verbascum thapsus"
"1334","Verbena officinalis"
"1335","Veronica agrestis"
"1336","Veronica anagallis-aquatica"
"1337","Veronica arvensis"
"1338","Veronica austriaca"
"1339","Veronica beccabunga"
"1340","Veronica chamaedrys"
"1341","Veronica fruticulosa"
"1342","Veronica hederifolia"
"1343","Veronica officinalis"
"1344","Veronica persica"
"1345","Veronica spicata"
"1346","Veronica triphyllos"
"1347","Veronica urticifolia"
"1348","Veronica verna"
"1349","Viburnum lantana"
"1350","Viburnum opulus"
"1351","Vicia cracca"
"1352","Vicia hirsuta"
"1353","Vicia hybrida"
"1354","Vicia onobrychioides"
"1355","Vicia sativa"
"1356","Vicia sepium"
"1357","Vicia sylvatica"
"1358","Vicia tenuifolia"
"1359","Vicia tetrasperma"
"1360","Vinca minor"
"1361","Vincetoxicum hirundinaria"
"1362","Viola biflora"
"1363","Viola canina"
"1364","Viola hirta"
"1365","Viola laricicola"
"1366","Viola mirabilis"
"1367","Viola odorata"
"1368","Viola palustris"
"1369","Viola pyrenaica"
"1370","Viola reichenbachiana"
"1371","Viola riviniana"
"1372","Viola suavis"
"1373","Viola tricolor"
"1374","Viscum album"
"1375","Woodsia alpina"
"1376","Xeranthemum inapertum"
