"","taxized","n"
"1","Abies alba",58
"2","Acer campestre",60
"3","Acer monspessulanum",9
"4","Acer opalus",48
"5","Acer platanoides",8
"6","Acer pseudoplatanus",103
"7","Achillea distans",4
"8","Achillea millefolium",166
"9","Achillea nobilis",1
"10","Achillea roseo",3
"11","Achnatherum calamagrostis",38
"12","Aconitum anthora",23
"13","Aconitum laeve",33
"14","Aconitum variegatum",6
"15","Actaea spicata",14
"16","Adenostyles alliariae",44
"17","Adenostyles alpina",25
"18","Adenostyles leucophylla",42
"19","Adonis aestivalis",1
"20","Adoxa moschatellina",9
"21","Aegopodium podagraria",34
"22","Aethionema saxatile",6
"23","Aethusa cynapium",1
"24","Agrestis alpina",34
"25","Agrestis rupestris",69
"26","Agrimonia eupatoria",11
"27","Agrostis capillaris",83
"28","Agrostis stolonifera",20
"29","Ajuga chamaepitys",2
"30","Ajuga genevensis",8
"31","Ajuga pyramidalis",12
"32","Ajuga reptans",25
"33","Alchemilla alpina",154
"34","Alchemilla conjuncta",12
"35","Alchemilla connivens",1
"36","Alchemilla fissa",27
"37","Alchemilla flabellata",24
"38","Alchemilla glabra",31
"39","Alchemilla glaucescens",40
"40","Alchemilla gracilis",4
"41","Alchemilla incisa",18
"42","Alchemilla monticola",1
"43","Alchemilla NA",67
"44","Alchemilla pentaphyllea",16
"45","Alchemilla plicata",7
"46","Alchemilla saxatilis",21
"47","Alchemilla subcrenata",2
"48","Alchemilla transiens",50
"49","Alchemilla xanthochlora",45
"50","Alisma plantago-aquatica",2
"51","Alliaria petiolata",11
"52","Allium lineare",1
"53","Allium oleraceum",29
"54","Allium schoenoprasum",11
"55","Allium scorodoprasum",9
"56","Allium senescens",8
"57","Allium tauricum",2
"58","Allium ursinum",8
"59","Allium victorialis",4
"60","Alnus glutinosa",2
"61","Alnus incana",30
"62","Alnus viridis",82
"63","Alopecurus magellanicus",27
"64","Alopecurus myosuroides",1
"65","Alsinanthus biflorus",6
"66","Alyssoides utriculata",9
"67","Alyssum alpestre",2
"68","Alyssum alyssoides",10
"69","Amelanchier ovalis",106
"70","Amygdalus communis",1
"71","Androrchis pallens",1
"72","Androsace carnea",34
"73","Androsace helvetica",4
"74","Androsace maxima",1
"75","Androsace obtusifolia",14
"76","Androsace vandellii",8
"77","Androsace vitaliana",13
"78","Anemone narcissiflora",6
"79","Anemonoides baldensis",18
"80","Anemonoides ranunculoides",2
"81","Angelica sylvestris",18
"82","Antennaria carpatica",28
"83","Antennaria dioica",50
"84","Anthericum liliago",47
"85","Anthoxanthum odoratum",305
"86","Anthriscus sylvestris",16
"87","Anthyllis montana",9
"88","Anthyllis vulneraria",93
"89","Antirrhinum majus",3
"90","Aquilegia vulgaris",23
"91","Arabidopsis thaliana",4
"92","Arabis allionii",2
"93","Arabis alpina",33
"94","Arabis auriculata",1
"95","Arabis caerulea",2
"96","Arabis ciliata",19
"97","Arabis collina",7
"98","Arabis hirsuta",16
"99","Arabis nova",2
"100","Arabis sagittata",1
"101","Arabis soyeri",6
"102","Arctium minus",2
"103","Arctium nemorosum",2
"104","Arctostaphylos uva-ursi",49
"105","Arenaria gothica",6
"106","Arenaria serpyllifolia",22
"107","Aretia pubescens",18
"108","Armeria alpina",36
"109","Armeria arenaria",4
"110","Arnica montana",23
"111","Arrhenatherum elatius",65
"112","Arrhenatherum parlatorei",36
"113","Artemisia absinthium",9
"114","Artemisia alba",21
"115","Artemisia atrata",2
"116","Artemisia campestris",16
"117","Artemisia genipi",9
"118","Artemisia umbelliformis",57
"119","Artemisia vulgaris",17
"120","Arum maculatum",1
"121","Aruncus dioicus",11
"122","Asarum europaeum",3
"123","Asparagus tenuifolius",2
"124","Asperugo procumbens",2
"125","Asperula cynanchica",38
"126","Asphodelus albus",57
"127","Asphodelus macrocarpus",1
"128","Asplenium adiantum-nigrum",5
"129","Asplenium ceterach",2
"130","Asplenium exiguum",3
"131","Asplenium ruta-muraria",11
"132","Asplenium septentrionale",38
"133","Asplenium trichomanes",38
"134","Asplenium viride",11
"135","Aster alpinus",48
"136","Astragalus alpinus",12
"137","Astragalus australis",4
"138","Astragalus austriacus",2
"139","Astragalus cicer",7
"140","Astragalus danicus",15
"141","Astragalus depressus",7
"142","Astragalus glycyphyllos",8
"143","Astragalus monspessulanus",21
"144","Astragalus onobrychis",4
"145","Astragalus penduliflorus",8
"146","Astragalus sempervirens",19
"147","Astragalus stella",1
"148","Astragalus vesicarius",10
"149","Astrantia major",103
"150","Athamanta cretensis",19
"151","Athyrium alpestre",8
"152","Athyrium filix-femina",16
"153","Atocion rupestre",68
"154","Atragene alpina",19
"155","Atropa belladonna",1
"156","Aucuba NA",3
"157","Barbarea intermedia",1
"158","Barbarea vulgaris",3
"159","Bartsia alpina",61
"160","Bellardiochloa variegata",1
"161","Bellidiastrum michelii",38
"162","Berardia subacaulis",4
"163","Berberis vulgaris",65
"164","Betonica officinalis",12
"165","Betula pendula",68
"166","Betula pubescens",11
"167","Biscutella laevigata",47
"168","Bistorta officinalis",14
"169","Bitteria digitata",19
"170","Blackstonia perfoliata",2
"171","Blechnum spicant",1
"172","Blysmus compressus",4
"173","Bombycilaena erecta",2
"174","Bothriochloa ischaemum",4
"175","Botrychium lunaria",61
"176","Botrychium NA",1
"177","Brachypodium pinnatum",20
"178","Brachypodium rupestre",134
"179","Brachypodium sylvaticum",25
"180","Brassica repanda",2
"181","Briza media",89
"182","Bromus benekenii",13
"183","Bromus erectus",77
"184","Bromus hordeaceus",4
"185","Bromus inermis",1
"186","Bromus squarrosus",1
"187","Bromus sterilis",5
"188","Bromus tectorum",1
"189","Bryonia cretica",1
"190","Buddleja davidii",4
"191","Buglossoides arvensis",1
"192","Buglossoides incrassata",1
"193","Bunias orientalis",4
"194","Bunium bulbocastanum",56
"195","Buphthalmum salicifolium",38
"196","Bupleurum falcatum",68
"197","Bupleurum petraeum",8
"198","Bupleurum ranunculoides",12
"199","Bupleurum rotundifolium",1
"200","Bupleurum stellatum",36
"201","Buxus sempervirens",1
"202","Calamagrostis epigejos",6
"203","Calamagrostis pseudophragmites",5
"204","Calamagrostis schraderiana",45
"205","Calamagrostis varia",74
"206","Calamagrostis villosa",6
"207","Calathiana bavarica",3
"208","Calathiana brachyphylla",24
"209","Calathiana orbicularis",10
"210","Calathiana verna",4
"211","Callianthemum coriandrifolium",1
"212","Calluna vulgaris",34
"213","Caltha palustris",12
"214","Calystegia sepium",10
"215","Camelina microcarpa",1
"216","Campanula alpestris",7
"217","Campanula cenisia",17
"218","Campanula glomerata",8
"219","Campanula latifolia",2
"220","Campanula linifolia",116
"221","Campanula NA",4
"222","Campanula patula",2
"223","Campanula persicifolia",9
"224","Campanula rapunculoides",13
"225","Campanula rhomboidalis",93
"226","Campanula rotundifolia",194
"227","Campanula spicata",7
"228","Campanula trachelium",9
"229","Capsella bursa-pastoris",10
"230","Cardamine alpina",14
"231","Cardamine heptaphylla",2
"232","Cardamine hirsuta",1
"233","Cardamine impatiens",10
"234","Cardamine pentaphyllos",6
"235","Cardamine resedifolia",51
"236","Carduus acanthoides",3
"237","Carduus carlinifolius",23
"238","Carduus defloratus",69
"239","Carduus medius",54
"240","Carduus nutans",3
"241","Carduus personata",5
"242","Carex acutiformis",3
"243","Carex alba",1
"244","Carex atrata",30
"245","Carex capillaris",5
"246","Carex caryophyllea",18
"247","Carex cespitosa",11
"248","Carex chillanensis",12
"249","Carex davalliana",15
"250","Carex digitata",24
"251","Carex echinata",6
"252","Carex ferruginea",214
"253","Carex flacca",36
"254","Carex flava",3
"255","Carex foetida",21
"256","Carex frigida",19
"257","Carex hirta",3
"258","Carex hordeistichos",1
"259","Carex hostiana",1
"260","Carex humilis",8
"261","Carex liparocarpos",3
"262","Carex macloviana",3
"263","Carex montana",9
"264","Carex muricata",6
"265","Carex NA",1
"266","Carex pallescens",3
"267","Carex panicea",15
"268","Carex planostachys",17
"269","Carex rostrata",2
"270","Carex rupestris",8
"271","Carex spicata",4
"272","Carex sylvatica",4
"273","Carex vesicaria",2
"274","Carex viridula",9
"275","Carex vulpina",1
"276","Carlina acanthifolia",16
"277","Carlina acaulis",126
"278","Carlina biebersteinii",4
"279","Carlina vulgaris",8
"280","Carum carvi",23
"281","Cassida alpina",58
"282","Catananche caerulea",9
"283","Caucalis platycarpos",2
"284","Cedrus atlantica",1
"285","Centaurea jacea",25
"286","Centaurea NA",2
"287","Centaurea scabiosa",47
"288","Centaurea solstitialis",1
"289","Centaurea stoebe",1
"290","Centaurea uniflora",106
"291","Centaurium erythraea",1
"292","Centranthus angustifolius",13
"293","Centranthus calcitrapae",6
"294","Cephalanthera damasonium",8
"295","Cephalanthera longifolia",14
"296","Cephalaria alpina",2
"297","Cerastium alpinum",6
"298","Cerastium arvense",184
"299","Cerastium cerastoides",6
"300","Cerastium fontanum",12
"301","Cerastium latifolium",26
"302","Cerastium pedunculatum",8
"303","Cerastium pumilum",3
"304","Cerastium semidecandrum",3
"305","Cerastium uniflorum",10
"306","Cerasus avium",25
"307","Cerinthe glabra",1
"308","Cerinthe minor",13
"309","Chaenorhinum minus",3
"310","Chaenorhinum rubrifolium",1
"311","Chaerophyllum aureum",12
"312","Chaerophyllum temulum",1
"313","Chaerophyllum villarsii",96
"314","Chamaedrys montana",22
"315","Chamaenerion montanum",20
"316","Chamerion dodonaei",45
"317","Chamorchis alpina",2
"318","Chara Linnaeus",2
"319","Chelidonium majus",3
"320","Chenopodium album",3
"321","Chenopodium bonus-henricus",23
"322","Chondrilla juncea",2
"323","Chrysosplenium alternifolium",3
"324","Cichorium intybus",2
"325","Cirsium acaule",22
"326","Cirsium arvense",14
"327","Cirsium eriophorum",8
"328","Cirsium monspessulanum",11
"329","Cirsium NA",6
"330","Cirsium palustre",7
"331","Cirsium spinosissimum",41
"332","Cirsium vulgare",2
"333","Cladium mariscus",1
"334","Clematis vitalba",16
"335","Clinopodium acinos",13
"336","Clinopodium alpinum",51
"337","Clinopodium grandiflorum",21
"338","Clinopodium nepeta",9
"339","Clinopodium vulgare",52
"340","Coincya monensis",12
"341","Coincya richeri",8
"342","Colchicum alpinum",9
"343","Colchicum autumnale",21
"344","Colutea arborescens",5
"345","Complément flore",21
"346","Consolida regalis",1
"347","Convallaria majalis",16
"348","Convolvulus arvensis",5
"349","Conyza canadensis",2
"350","Corallorhiza trifida",4
"351","Coristospermum ferulaceum",1
"352","Cormus domestica",1
"353","Coronilla minima",11
"354","Coronilla vaginalis",1
"355","Corydalis intermedia",3
"356","Corydalis solida",4
"357","Corylus avellana",60
"358","Cotoneaster integerrimus",14
"359","Cotoneaster NA",64
"360","Cotoneaster tomentosus",9
"361","Crataegus laevigata",3
"362","Crataegus monogyna",49
"363","Crepis aurea",3
"364","Crepis biennis",4
"365","Crepis conyzifolia",14
"366","Crepis foetida",4
"367","Crepis nicaeensis",2
"368","Crepis paludosa",8
"369","Crepis pontana",4
"370","Crepis pygmaea",9
"371","Crepis pyrenaica",35
"372","Crepis vesicaria",2
"373","Crocus vernus",25
"374","Cruciata glabra",6
"375","Cruciata laevipes",7
"376","Crupina vulgaris",1
"377","Cryptogramma crispa",40
"378","Cucubalus baccifer",1
"379","Cuscuta epilinum",1
"380","Cuscuta epithymum",9
"381","Cuscuta europaea",3
"382","Cuscuta planiflora",1
"383","Cyanus montanus",35
"384","Cyanus segetum",2
"385","Cynoglossum officinale",6
"386","Cynosurus cristatus",1
"387","Cypripedium calceolus",74
"388","Cystopteris dickieana",1
"389","Cystopteris fragilis",31
"390","Cytisophyllum sessilifolium",3
"391","Dactylis glomerata",160
"392","Dactylorhiza fuchsii",24
"393","Dactylorhiza incarnata",1
"394","Dactylorhiza lapponica",4
"395","Dactylorhiza maculata",1
"396","Dactylorhiza majalis",14
"397","Dactylorhiza sambucina",23
"398","Dactylorhiza viridis",11
"399","Danthonia decumbens",3
"400","Daphne alpina",6
"401","Daphne cneorum",5
"402","Daphne laureola",1
"403","Daphne mezereum",55
"404","Dasistepha asclepiadea",4
"405","Daucus carota",22
"406","Deschampsia cespitosa",35
"407","Deschampsia flexuosa",182
"408","Descurainia sophia",2
"409","Descurainia tanacetifolia",22
"410","Dianthus carthusianorum",1
"411","Dianthus caryophyllus",60
"412","Dianthus deltoides",12
"413","Dianthus hyssopifolius",26
"414","Dianthus pavonius",2
"415","Diaphyllum longifolium",4
"416","Digitalis grandiflora",80
"417","Digitalis lutea",4
"418","Dioscorea communis",1
"419","Dittrichia graveolens",1
"420","Doronicum grandiflorum",45
"421","Doronicum pardalianches",3
"422","Dorycnium pentaphyllum",1
"423","Draba aizoides",19
"424","Draba dubia",31
"425","Draba fladnizensis",11
"426","Draba verna",6
"427","Dracocephalum ruyschiana",8
"428","Drosera rotundifolia",2
"429","Dryas octopetala",44
"430","Dryopteris dilatata",1
"431","Dryopteris expansa",1
"432","Dryopteris filix-mas",108
"433","Dryopteris mindshelkensis",13
"434","Echinops ritro",14
"435","Echinops sphaerocephalus",6
"436","Echium vulgare",29
"437","Ecologie verticale",17
"438","Edritria ferruginea",30
"439","Eleocharis macrostachya",2
"440","Eleocharis mamillata",2
"441","Eleocharis quinqueflora",3
"442","Eleocharis uniglumis",1
"443","Elymus caninus",8
"444","Elymus NA",3
"445","Elymus repens",8
"446","Elytrigia intermedia",2
"447","Empetrum nigrum",13
"448","Epilobium alpestre",7
"449","Epilobium alsinifolium",7
"450","Epilobium anagallidifolium",13
"451","Epilobium angustifolium",41
"452","Epilobium collinum",8
"453","Epilobium hirsutum",17
"454","Epilobium palustre",3
"455","Epilobium parviflorum",3
"456","Epipactis atrorubens",8
"457","Epipactis helleborine",11
"458","Epipactis palustris",8
"459","Epipogium aphyllum",1
"460","Equisetum arvense",23
"461","Equisetum fluviatile",3
"462","Equisetum hyemale",1
"463","Equisetum NA",2
"464","Equisetum palustre",18
"465","Equisetum variegatum",9
"466","Erigeron acris",10
"467","Erigeron annuus",3
"468","Erigeron glabratus",11
"469","Erigeron NA",3
"470","Erigeron neglectus",2
"471","Erigeron uniflorus",18
"472","Erinus alpinus",3
"473","Eriophorum angustifolium",12
"474","Eriophorum latifolium",13
"475","Eriophorum scheuchzeri",5
"476","Eritrichium nanum",50
"477","Erodium cicutarium",5
"478","Erucastrum nasturtiifolium",5
"479","Eryngium alpinum",8
"480","Eryngium campestre",16
"481","Erysimum jugicola",7
"482","Erysimum nevadense",1
"483","Erysimum ochroleucum",2
"484","Erysimum rhaeticum",16
"485","Erysimum virgatum",5
"486","Euonymus europaeus",9
"487","Euonymus latifolius",7
"488","Eupatorium cannabinum",19
"489","Euphorbia brittingeri",2
"490","Euphorbia cyparissias",178
"491","Euphorbia exigua",1
"492","Euphorbia helioscopia",2
"493","Euphrasia alpina",1
"494","Euphrasia drosocalyx",25
"495","Euphrasia hirtella",7
"496","Euphrasia kerneri",1
"497","Euphrasia minima",34
"498","Euphrasia pectinata",7
"499","Euphrasia salisburgensis",18
"500","Euphrasia stricta",5
"501","Fagus sylvatica",85
"502","Fallopia convolvulus",3
"503","Fallopia japonica",1
"504","Festuca acuminata",64
"505","Festuca altissima",3
"506","Festuca arundinacea",2
"507","Festuca chalcophaea",163
"508","Festuca flavescens",18
"509","Festuca gigantea",2
"510","Festuca halleri",94
"511","Festuca heterophylla",12
"512","Festuca laevigata",184
"513","Festuca melanopsis",33
"514","Festuca ovina",17
"515","Festuca pratensis",15
"516","Festuca rubra",230
"517","Festuca valesiaca",3
"518","Filago arvensis",1
"519","Filipendula ulmaria",32
"520","Filipendula vulgaris",2
"521","Fourraea alpina",22
"522","Fragaria vesca",101
"523","Frangula NA",4
"524","Fraxinus excelsior",142
"525","Fumana procumbens",11
"526","Gagea liotardii",2
"527","Gagea nakaiana",3
"528","Galeopsis ladanum",17
"529","Galeopsis tetrahit",30
"530","Galium aparine",24
"531","Galium boreale",18
"532","Galium commune",16
"533","Galium corrudifolium",4
"534","Galium glaucum",1
"535","Galium lucidum",60
"536","Galium megalospermum",2
"537","Galium mollugo",139
"538","Galium odoratum",23
"539","Galium palustre",1
"540","Galium pseudohelveticum",48
"541","Galium pumilum",94
"542","Galium rotundifolium",6
"543","Galium rubrum",29
"544","Galium sylvaticum",3
"545","Galium verum",42
"546","Gamochaeta sylvatica",8
"547","Genista cinerea",1
"548","Genista pilosa",12
"549","Genistella sagittalis",21
"550","Gentiana acaulis",67
"551","Gentiana cruciata",7
"552","Gentiana nivalis",12
"553","Gentiana pneumonanthe",1
"554","Gentiana verna",45
"555","Gentianella campestris",38
"556","Gentianella tenella",4
"557","Gentianopsis ciliata",2
"558","Gentianusa lutea",121
"559","Gentianusa punctata",40
"560","Geranium argenteum",1
"561","Geranium columbinum",2
"562","Geranium lucidum",2
"563","Geranium molle",2
"564","Geranium nodosum",14
"565","Geranium phaeum",3
"566","Geranium pyrenaicum",16
"567","Geranium rivulare",10
"568","Geranium robertianum",40
"569","Geranium rotundifolium",1
"570","Geranium sanguineum",25
"571","Geranium sylvaticum",195
"572","Geum reptans",30
"573","Geum rivale",7
"574","Geum urbanum",35
"575","Glechoma hederacea",2
"576","Glechoma nepetella",20
"577","Globularia bisnagarica",16
"578","Globularia cordifolia",64
"579","Glyceria fluitans",2
"580","Glyceria notata",7
"581","Gnaphalium hoppeanum",8
"582","Gnaphalium supinum",29
"583","Goodyera repens",8
"584","Gymnadenia conopsea",32
"585","Gymnadenia nigra",24
"586","Gymnocarpium dryopteris",8
"587","Gymnocarpium robertianum",6
"588","Gypsophila repens",44
"589","Hedera helix",6
"590","Hedysarum hedysaroides",14
"591","Helianthemum apenninum",10
"592","Helianthemum grandiflorum",46
"593","Helianthemum nummularium",103
"594","Helianthemum oelandicum",19
"595","Helictotrichon pratense",6
"596","Helictotrichon pubescens",28
"597","Helictotrichon sedenense",131
"598","Helictotrichon sempervirens",9
"599","Helictotrichon versicolor",38
"600","Helleborus foetidus",32
"601","Hepatica nobilis",13
"602","Heracleum sphondylium",72
"603","Herniaria alpina",5
"604","Herniaria hirsuta",3
"605","Herniaria incana",2
"606","Herorchis morio",1
"607","Hieracium alpinum",3
"608","Hieracium amplexicaule",14
"609","Hieracium antarcticum",12
"610","Hieracium argillaceum",3
"611","Hieracium aurantiacum",3
"612","Hieracium bifidum",77
"613","Hieracium cymosum",9
"614","Hieracium diaphanoides",1
"615","Hieracium glaucinum",2
"616","Hieracium intybaceum",2
"617","Hieracium inuloides",2
"618","Hieracium juranum",31
"619","Hieracium lachenalii",8
"620","Hieracium lactucella",8
"621","Hieracium lawsonii",1
"622","Hieracium murorum",71
"623","Hieracium NA",27
"624","Hieracium niphobium",6
"625","Hieracium piliferum",31
"626","Hieracium pilosella",42
"627","Hieracium piloselloides",3
"628","Hieracium pilosum",8
"629","Hieracium praealtum",3
"630","Hieracium prenanthoides",64
"631","Hieracium sabaudum",4
"632","Hieracium schmidtii",6
"633","Hieracium umbellatum",2
"634","Hieracium umbrosum",4
"635","Hieracium valdepilosum",3
"636","Hieracium villosum",28
"637","Himantoglossum hircinum",1
"638","Hippocrepis comosa",64
"639","Hippocrepis emerus",24
"640","Hippophae rhamnoides",10
"641","Holcus lanatus",5
"642","Holosteum umbellatum",1
"643","Homogyne alpina",81
"644","Hordelymus europaeus",5
"645","Hordeum marinum",1
"646","Hornungia alpina",30
"647","Humulus lupulus",15
"648","Huperzia selago",9
"649","Hylotelephium NA",66
"650","Hylotelephium telephium",4
"651","Hyoscyamus niger",2
"652","Hypericum hirsutum",1
"653","Hypericum maculatum",10
"654","Hypericum montanum",10
"655","Hypericum perforatum",59
"656","Hypericum richeri",94
"657","Hypochaeris maculata",32
"658","Hypochaeris radicata",1
"659","Hyssopus officinalis",6
"660","Iberis pinnata",2
"661","Ilex aquifolium",4
"662","Impatiens glandulifera",1
"663","Imperatoria ostruthium",82
"664","Inula conyza",2
"665","Inula montana",9
"666","Isatis tinctoria",1
"667","Ixoca pusilla",3
"668","Jacobaea incana",72
"669","Jasione montana",2
"670","Jonorchis abortiva",4
"671","Juglans nigra",1
"672","Juglans regia",9
"673","Juncus alpinoarticulatus",12
"674","Juncus arcticus",1
"675","Juncus articulatus",17
"676","Juncus bufonius",3
"677","Juncus compressus",1
"678","Juncus effusus",4
"679","Juncus filiformis",6
"680","Juncus inflexus",15
"681","Juncus jacquini",1
"682","Juncus trifidus",102
"683","Juncus triglumis",6
"684","Juniperus communis",298
"685","Juniperus sabina",12
"686","Kernera saxatilis",9
"687","Knautia arvensis",48
"688","Knautia dipsacifolia",11
"689","Knautia NA",8
"690","Kobresia curvula",18
"691","Kobresia myosuroides",41
"692","Koeleria cenisia",1
"693","Koeleria pyramidata",11
"694","Koeleria vallesiana",22
"695","Laburnum alpinum",2
"696","Laburnum anagyroides",3
"697","Lactuca alpina",15
"698","Lactuca muralis",14
"699","Lactuca perennis",21
"700","Lactuca serriola",11
"701","Lamium amplexicaule",4
"702","Lamium garganicum",1
"703","Lamium maculatum",6
"704","Lamium purpureum",1
"705","Lappula squarrosa",1
"706","Lapsana communis",2
"707","Larix decidua",117
"708","Laserpitium gallicum",76
"709","Laserpitium halleri",6
"710","Laserpitium latifolium",106
"711","Laserpitium siler",36
"712","Lathyrus latifolius",6
"713","Lathyrus linifolius",4
"714","Lathyrus ochraceus",12
"715","Lathyrus pratensis",108
"716","Lathyrus sphaericus",2
"717","Lathyrus sylvestris",9
"718","Lathyrus vernus",10
"719","Lavandula angustifolia",30
"720","Leontodon crispus",11
"721","Leontodon hirtus",3
"722","Leontodon hispidus",121
"723","Leontodon NA",89
"724","Leontopodium NA",21
"725","Lerouxia nemorum",1
"726","Leucanthemopsis alpina",100
"727","Leucanthemum adustum",77
"728","Leucanthemum atratum",2
"729","Leucanthemum NA",1
"730","Leucanthemum pallens",1
"731","Leucanthemum vulgare",67
"732","Ligustrum vulgare",33
"733","Lilium bulbiferum",16
"734","Lilium martagon",67
"735","Limodorum rubrum",3
"736","Linaria alpina",54
"737","Linaria angustissima",2
"738","Linaria repens",6
"739","Linaria simplex",1
"740","Linum alpinum",40
"741","Linum catharticum",39
"742","Linum suffruticosum",1
"743","Linum tenuifolium",1
"744","Listera nidus-avis",7
"745","Listera ovata",17
"746","Lithospermum officinale",2
"747","Lloydia serotina",12
"748","Lolium perenne",4
"749","Lomelosia graminifolia",4
"750","Lonicera caerulea",14
"751","Lonicera etrusca",3
"752","Lonicera nigra",10
"753","Lonicera webbiana",26
"754","Lonicera xylosteum",93
"755","Loroglossum anthropophorum",1
"756","Lotus alpinus",94
"757","Lotus corniculatus",247
"758","Lotus delortii",3
"759","Lunaria annua",1
"760","Lunaria rediviva",6
"761","Luzula alpinopilosa",27
"762","Luzula campestris",21
"763","Luzula lutea",62
"764","Luzula luzulina",1
"765","Luzula multiflora",9
"766","Luzula nivea",68
"767","Luzula nutans",88
"768","Luzula spicata",45
"769","Luzula sudetica",10
"770","Luzula sylvatica",50
"771","Lycopus europaeus",1
"772","Lysimachia arvensis",3
"773","Lysimachia vulgaris",7
"774","Lythrum salicaria",2
"775","Macrosyringion glutinosum",1
"776","Maianthemum bifolium",8
"777","Malus sylvestris",2
"778","Malva alcea",3
"779","Malva moschata",2
"780","Matricaria matricarioides",1
"781","Medicago lupulina",30
"782","Medicago minima",5
"783","Medicago sativa",19
"784","Melampyrum NA",7
"785","Melampyrum sylvaticum",25
"786","Melica ciliata",23
"787","Melica nutans",48
"788","Melica uniflora",2
"789","Melilotus albus",9
"790","Melilotus officinalis",2
"791","Melittis melissophyllum",7
"792","Mentha aquatica",4
"793","Mentha arvensis",3
"794","Mentha longifolia",21
"795","Merendera verna",1
"796","Meum athamanticum",13
"797","Micranthes stellaris",5
"798","Microthlaspi perfoliatum",2
"799","Milium effusum",13
"800","Minuartia laricifolia",64
"801","Minuartia oreina",2
"802","Minuartia rostrata",4
"803","Minuartia rupestris",3
"804","Minuartia sedoides",35
"805","Minuartia verna",33
"806","Minuartia villarii",1
"807","Moehringia muscosa",2
"808","Moehringia trinervia",1
"809","Molinia caerulea",29
"810","Moneses uniflora",3
"811","Monotropa hypopitys",3
"812","Murbeckiella pinnatifida",9
"813","Muscari comosum",2
"814","Muscari neglectum",5
"815","Mutellina adonidifolia",1
"816","Myosotis alpestris",128
"817","Myosotis arvensis",15
"818","Myosotis corsicana",1
"819","Myosotis decumbens",36
"820","Myosotis NA",4
"821","Myosotis ramosissima",3
"822","Myosotis stricta",3
"823","Myricaria germanica",5
"824","Narcissus poeticus",15
"825","Nardus stricta",99
"826","Nasturtium officinale",2
"827","Neotinea ustulata",16
"828","Nepeta nuda",1
"829","Noccaea caerulescens",17
"830","Noccaea rotundifolia",25
"831","Odontites NA",2
"832","Onobrychis saxatilis",8
"833","Onobrychis viciifolia",74
"834","Ononis arvensis",20
"835","Ononis cristata",5
"836","Ononis fruticosa",1
"837","Ononis natrix",27
"838","Ononis pusilla",3
"839","Ononis rotundifolia",13
"840","Ophioglossum vulgatum",1
"841","Ophrys fuciflora",1
"842","Ophrys insectifera",4
"843","Ophrys sphegodes",1
"844","Orchis mascula",10
"845","Orchis militaris",6
"846","Orchis purpurea",3
"847","Orchites globosa",10
"848","Oreoselinum nigrum",30
"849","Origanum vulgare",31
"850","Orlaya grandiflora",2
"851","Ornithogalum umbellatum",21
"852","Orobanche caryophyllacea",5
"853","Orobanche laserpitii",3
"854","Orobanche major",1
"855","Orobanche NA",1
"856","Orobanche purpurea",2
"857","Orobanche teucrii",2
"858","Orthantha lutea",13
"859","Orthilia secunda",7
"860","Oxalis acetosella",46
"861","Oxalis fontana",1
"862","Oxyria digyna",31
"863","Oxytropis campestris",17
"864","Oxytropis fetida",1
"865","Oxytropis helvetica",10
"866","Oxytropis jacquini",3
"867","Oxytropis lapponica",19
"868","Oxytropis NA",1
"869","Oxytropis pilosa",2
"870","Pachypleurum NA",36
"871","Padus avium",15
"872","Paeonia officinalis",3
"873","Papaver alpinum",1
"874","Papaver aurantiacum",1
"875","Papaver dubium",3
"876","Parageum montanum",82
"877","Paris quadrifolia",23
"878","Parnassia palustris",24
"879","Paronychia kapela",2
"880","Paronychia polygonifolia",1
"881","Pastinaca sativa",2
"882","Patzkea paniculata",117
"883","Pedicularis comosa",6
"884","Pedicularis foliosa",11
"885","Pedicularis gyroflexa",8
"886","Pedicularis kerneri",8
"887","Pedicularis NA",8
"888","Pedicularis rostratospicata",21
"889","Pedicularis tuberosa",39
"890","Pedicularis verticillata",8
"891","Persicaria amphibia",5
"892","Persicaria lapathifolia",2
"893","Persicaria maculosa",2
"894","Persicaria mitis",1
"895","Petasites albus",18
"896","Petasites hybridus",4
"897","Petasites paradoxus",9
"898","Petrorhagia prolifera",5
"899","Petrorhagia saxifraga",9
"900","Phaca hypoglottis",11
"901","Phegopteris connectilis",2
"902","Phleum alpinum",90
"903","Phleum phleoides",10
"904","Phleum pratense",31
"905","Phragmites australis",14
"906","Phyteuma michelii",85
"907","Phyteuma ovatum",13
"908","Phyteuma scheuchzeri",2
"909","Phyteuma scorzonerifolium",18
"910","Phyteuma spicatum",2
"911","Picea abies",84
"912","Picris hieracioides",11
"913","Pilosella peleteriana",99
"914","Pimpinella major",31
"915","Pimpinella saxifraga",55
"916","Pinguicula alpina",7
"917","Pinguicula vulgaris",24
"918","Pinus mugo",29
"919","Pinus nigra",10
"920","Pinus sylvestris",70
"921","Pisum heterophyllum",8
"922","Plantago atrata",6
"923","Plantago holosteum",1
"924","Plantago lanceolata",45
"925","Plantago major",22
"926","Plantago maritima",38
"927","Plantago media",61
"928","Plantago neumannii",98
"929","Plantago sempervirens",3
"930","Platanthera chlorantha",10
"931","Pleisolirion liliastrum",26
"932","Pleurospermum austriacum",8
"933","Poa alpina",241
"934","Poa annua",3
"935","Poa badensis",1
"936","Poa bulbosa",15
"937","Poa cenisia",61
"938","Poa chaixii",27
"939","Poa glauca",2
"940","Poa laxa",41
"941","Poa nemoralis",105
"942","Poa perconcinna",5
"943","Poa pratensis",62
"944","Poa supina",16
"945","Poa trivialis",19
"946","Polichia galeobdolon",6
"947","Polycnemum majus",1
"948","Polygala alpestris",21
"949","Polygala alpina",6
"950","Polygala amarella",3
"951","Polygala calcarea",9
"952","Polygala chamaebuxus",14
"953","Polygala comosa",14
"954","Polygala vulgaris",7
"955","Polygonatum odoratum",18
"956","Polygonatum verticillatum",29
"957","Polygonum alpinum",1
"958","Polygonum aviculare",4
"959","Polygonum viviparum",106
"960","Polypodium interjectum",4
"961","Polypodium vulgare",25
"962","Polystichum aculeatum",10
"963","Polystichum lonchitis",52
"964","Populus alba",1
"965","Populus nigra",18
"966","Populus tremula",37
"967","Porrum sphaerocephaluon",32
"968","Potamogeton alpinus",2
"969","Potentilla argentea",18
"970","Potentilla aurea",32
"971","Potentilla caulescens",4
"972","Potentilla chrysantha",8
"973","Potentilla cinerea",2
"974","Potentilla crantzii",70
"975","Potentilla erecta",29
"976","Potentilla frigida",6
"977","Potentilla grandiflora",122
"978","Potentilla hirta",1
"979","Potentilla inclinata",1
"980","Potentilla NA",5
"981","Potentilla neumanniana",58
"982","Potentilla nivalis",5
"983","Potentilla reptans",7
"984","Potentilla rupestris",22
"985","Prenanthes purpurea",27
"986","Primula elatior",10
"987","Primula farinosa",16
"988","Primula hirsuta",56
"989","Primula latifolia",4
"990","Primula pedemontana",1
"991","Primula veris",52
"992","Primula vulgaris",12
"993","Prunella grandiflora",19
"994","Prunella laciniata",6
"995","Prunella vulgaris",28
"996","Prunus domestica",3
"997","Prunus mahaleb",25
"998","Prunus spinosa",25
"999","Pseudorchis albida",5
"1000","Pseudoturritis turrita",7
"1001","Ptarmica macrophylla",19
"1002","Ptarmica nana",39
"1003","Pteridium aquilinum",1
"1004","Pteroselinum austriacum",2
"1005","Ptychotis saxifraga",1
"1006","Pulmonaria angustifolia",50
"1007","Pulmonaria longifolia",6
"1008","Pulmonaria montana",3
"1009","Pulmonaria saccharata",3
"1010","Pulsatilla alpina",63
"1011","Pulsatilla halleri",1
"1012","Pulsatilla montana",1
"1013","Pulsatilla vernalis",15
"1014","Pyrola chlorantha",4
"1015","Pyrola media",1
"1016","Pyrola minor",6
"1017","Pyrola rotundifolia",10
"1018","Pyrus malus",3
"1019","Pyrus pyraster",3
"1020","Pythius dulcis",75
"1021","Quercus petraea",3
"1022","Quercus pubescens",50
"1023","Quercus robur",4
"1024","Ranunculus aconitifolius",7
"1025","Ranunculus acris",60
"1026","Ranunculus aduncus",13
"1027","Ranunculus arvensis",1
"1028","Ranunculus auricomus",1
"1029","Ranunculus bulbosus",25
"1030","Ranunculus glacialis",49
"1031","Ranunculus gramineus",1
"1032","Ranunculus grenierianus",77
"1033","Ranunculus kuepferi",23
"1034","Ranunculus lanuginosus",2
"1035","Ranunculus montanus",50
"1036","Ranunculus parnassifolius",1
"1037","Ranunculus platanifolius",15
"1038","Ranunculus polyanthemos",2
"1039","Ranunculus pyrenaeus",1
"1040","Ranunculus repens",14
"1041","Ranunculus seguieri",1
"1042","Ranunculus trichophyllus",3
"1043","Ranunculus tuberosus",23
"1044","Rapunculus hemisphaericus",57
"1045","Rapunculus orbicularis",36
"1046","Rapunculus spicatus",25
"1047","Reseda lutea",4
"1048","Reseda phyteuma",3
"1049","Rhamnus alpina",27
"1050","Rhamnus cathartica",11
"1051","Rhamnus pumila",16
"1052","Rhamnus saxatilis",7
"1053","Rhaponticum NA",11
"1054","Rhinanthus alectorolophus",74
"1055","Rhinanthus glacialis",5
"1056","Rhinanthus minor",19
"1057","Rhinanthus NA",2
"1058","Rhododendron ferrugineum",166
"1059","Rhynchopera paniculata",12
"1060","Ribes alpinum",13
"1061","Ribes carpaticum",14
"1062","Ribes uva-crispa",22
"1063","Rorippa amphibia",2
"1064","Rorippa islandica",2
"1065","Rorippa NA",2
"1066","Rorippa sylvestris",1
"1067","Rosa agrestis",3
"1068","Rosa caesia",2
"1069","Rosa canina",66
"1070","Rosa dumalis",9
"1071","Rosa elliptica",9
"1072","Rosa ferruginea",16
"1073","Rosa micrantha",3
"1074","Rosa montana",16
"1075","Rosa NA",10
"1076","Rosa pendulina",76
"1077","Rosa rubiginosa",4
"1078","Rosa spinosissima",71
"1079","Rosa villosa",17
"1080","Rubus caesius",45
"1081","Rubus fruticosus",2
"1082","Rubus gremlii",1
"1083","Rubus idaeus",126
"1084","Rubus pruinosus",3
"1085","Rubus saxatilis",30
"1086","Rubus tomentosus",1
"1087","Rubus ulmifolius",4
"1088","Rumex acetosa",83
"1089","Rumex acetosella",9
"1090","Rumex alpestris",37
"1091","Rumex alpinus",15
"1092","Rumex crispus",1
"1093","Rumex obtusifolius",1
"1094","Rumex scutatus",69
"1095","Ruyschiana austriaca",1
"1096","Sagina glabra",28
"1097","Sagina procumbens",1
"1098","Sagina saginoides",3
"1099","Salix alba",6
"1100","Salix appendiculata",6
"1101","Salix aurita",3
"1102","Salix breviserrata",2
"1103","Salix caprea",35
"1104","Salix cinerea",9
"1105","Salix daphnoides",8
"1106","Salix eleagnos",19
"1107","Salix foetida",5
"1108","Salix glaucosericea",9
"1109","Salix hastata",21
"1110","Salix herbacea",54
"1111","Salix laggeri",7
"1112","Salix myrsinifolia",10
"1113","Salix NA",1
"1114","Salix pentandra",2
"1115","Salix purpurea",17
"1116","Salix repens",1
"1117","Salix reticulata",24
"1118","Salix retusa",41
"1119","Salix serpyllifolia",4
"1120","Salix triandra",3
"1121","Salvia nubicola",5
"1122","Salvia pratensis",35
"1123","Sambucus ebulus",1
"1124","Sambucus nigra",8
"1125","Sambucus racemosa",26
"1126","Sanguisorba minor",84
"1127","Sanguisorba officinalis",11
"1128","Sanicula europaea",3
"1129","Saponaria ocymoides",31
"1130","Saponaria officinalis",5
"1131","Satureja montana",8
"1132","Satyrium bifolium",16
"1133","Saussurea alpina",4
"1134","Saussurea discolor",1
"1135","Saxifraga aizoides",52
"1136","Saxifraga androsacea",6
"1137","Saxifraga aspera",9
"1138","Saxifraga biflora",3
"1139","Saxifraga bryoides",71
"1140","Saxifraga cuneifolia",22
"1141","Saxifraga exarata",39
"1142","Saxifraga granulata",3
"1143","Saxifraga moschata",64
"1144","Saxifraga oppositifolia",96
"1145","Saxifraga paniculata",99
"1146","Saxifraga retusa",6
"1147","Saxifraga rotundifolia",44
"1148","Scabiosa columbaria",54
"1149","Scabiosa lucida",51
"1150","Scabiosa triandra",2
"1151","Schoenus nigricans",1
"1152","Scirpus sylvaticus",4
"1153","Scleranthus annuus",1
"1154","Scleranthus perennis",8
"1155","Scorzonera austriaca",1
"1156","Scorzonera hispanica",7
"1157","Scorzoneroides autumnalis",8
"1158","Scrophularia canina",5
"1159","Scrophularia lucida",1
"1160","Scrophularia nodosa",6
"1161","Scrophularia peregrina",1
"1162","Securigera varia",18
"1163","Sedella atrata",6
"1164","Sedum acre",5
"1165","Sedum album",39
"1166","Sedum alpestre",56
"1167","Sedum annuum",8
"1168","Sedum anopetalum",4
"1169","Sedum dasyphyllum",17
"1170","Sedum maximum",2
"1171","Sedum NA",6
"1172","Sedum ochroleucum",68
"1173","Sedum rupestre",6
"1174","Sedum sediforme",15
"1175","Sedum sexangulare",17
"1176","Selaginella selaginoides",22
"1177","Sempervivum arachnoideum",132
"1178","Sempervivum montanum",113
"1179","Sempervivum NA",2
"1180","Sempervivum tectorum",78
"1181","Senecio doria",2
"1182","Senecio doronicum",125
"1183","Senecio erucifolius",7
"1184","Senecio ovatus",49
"1185","Senecio squalidus",1
"1186","Senecio viscosus",1
"1187","Serratula tinctoria",15
"1188","Seseli annuum",3
"1189","Sesleria caerulea",133
"1190","Setaria viridis",1
"1191","Sibbaldia procumbens",35
"1192","Silaum silaus",3
"1193","Silene acaulis",115
"1194","Silene armeria",6
"1195","Silene dioica",13
"1196","Silene flos-cuculi",1
"1197","Silene flos-jovis",18
"1198","Silene italica",8
"1199","Silene latifolia",2
"1200","Silene nutans",85
"1201","Silene otites",15
"1202","Silene saxifraga",1
"1203","Silene vallesia",15
"1204","Silene vulgaris",113
"1205","Sinapis alba",1
"1206","Sinapis arvensis",2
"1207","Sisymbrium austriacum",1
"1208","Solanum dulcamara",8
"1209","Soldanella alpina",70
"1210","Solidago gigantea",2
"1211","Solidago virgaurea",70
"1212","Sonchus arvensis",5
"1213","Sonchus oleraceus",2
"1214","Sorbus aria",126
"1215","Sorbus aucuparia",117
"1216","Sorbus chamaemespilus",28
"1217","Sorbus mougeotii",45
"1218","Sorbus NA",1
"1219","Sparganium angustifolium",2
"1220","Sparganium emersum",1
"1221","Sparganium erectum",1
"1222","Spiesia halleri",1
"1223","Stachys annua",1
"1224","Stachys pradica",59
"1225","Stachys recta",75
"1226","Stachys sylvatica",26
"1227","Staehelina dubia",1
"1228","Stellaria alsine",1
"1229","Stellaria graminea",2
"1230","Stellaria holostea",1
"1231","Stellaria media",1
"1232","Stellaria nemorum",19
"1233","Stipa capillata",5
"1234","Stipa eriocaulis",26
"1235","Stipa pennata",5
"1236","Streptopus amplexifolius",6
"1237","Strobus cembra",22
"1238","Succisa pratensis",6
"1239","Swertia perennis",2
"1240","Symphyotrichum novi-belgii",1
"1241","Symphytum officinale",1
"1242","Symphytum tuberosum",1
"1243","Synema perenne",23
"1244","Tanacetum corymbosum",24
"1245","Taraxacum alpinum",15
"1246","Taraxacum dissectum",4
"1247","Taraxacum erythrospermum",3
"1248","Taraxacum fulvum",2
"1249","Taraxacum lapponicum",90
"1250","Taraxacum montanum",20
"1251","Taraxacum NA",6
"1252","Taraxacum rubicundum",1
"1253","Taraxacum sellandii",1
"1254","Taxus baccata",3
"1255","Telephium imperati",1
"1256","Tetragonolobus maritimus",10
"1257","Teucrium chamaedrys",109
"1258","Teucrium scordium",1
"1259","Teucrium scorodonia",18
"1260","Thalictrum aquilegiifolium",38
"1261","Thalictrum foetidum",19
"1262","Thalictrum minus",31
"1263","Thalictrum simplex",1
"1264","Thelycrania sanguinea",52
"1265","Thesium alpinum",35
"1266","Thesium humifusum",3
"1267","Thesium linophyllon",5
"1268","Thlaspi arvense",3
"1269","Thymus oenipontanus",5
"1270","Thymus praecox",160
"1271","Thymus pulegioides",70
"1272","Thymus serpyllum",68
"1273","Thymus striatus",3
"1274","Tilia cordata",4
"1275","Tilia platyphyllos",9
"1276","Tofieldia calyculata",18
"1277","Tolpis staticifolia",27
"1278","Torilis japonica",1
"1279","Tozzia alpina",2
"1280","Tragopogon crocifolius",1
"1281","Tragopogon dubius",1
"1282","Tragopogon porrifolius",2
"1283","Tragopogon pratensis",52
"1284","Trasus tomentosus",1
"1285","Trichophorum alpinum",3
"1286","Trichophorum cespitosum",6
"1287","Trifolium alpestre",53
"1288","Trifolium alpinum",66
"1289","Trifolium arvense",7
"1290","Trifolium aureum",8
"1291","Trifolium badium",27
"1292","Trifolium campestre",7
"1293","Trifolium diffusum",2
"1294","Trifolium medium",7
"1295","Trifolium ochroleucon",3
"1296","Trifolium pallescens",19
"1297","Trifolium pratense",183
"1298","Trifolium repens",68
"1299","Trifolium rubens",20
"1300","Trifolium saxatile",2
"1301","Trifolium spadiceum",86
"1302","Trifolium thalii",34
"1303","Triglochin palustre",5
"1304","Trigonella monspeliaca",1
"1305","Trimorpha alpina",32
"1306","Trimorpha attica",3
"1307","Trinia glauca",9
"1308","Trisetaria distichophylla",25
"1309","Trisetum flavescens",84
"1310","Trisetum spicatum",3
"1311","Triticum aestivum",1
"1312","Triticum durum",1
"1313","Trollius europaeus",45
"1314","Tulipa sylvestris",1
"1315","Turritis glabra",7
"1316","Tussilago farfara",40
"1317","Typha latifolia",2
"1318","Ulmus glabra",2
"1319","Ulmus minor",3
"1320","Urtica dioica",88
"1321","Vaccinium myrtillus",206
"1322","Vaccinium uliginosum",135
"1323","Vaccinium vitis-idaea",32
"1324","Valeriana dioica",8
"1325","Valeriana montana",44
"1326","Valeriana officinalis",31
"1327","Valeriana saliunca",3
"1328","Valeriana tripteris",52
"1329","Valeriana tuberosa",2
"1330","Valerianella dentata",1
"1331","Valerianella locusta",1
"1332","Veratrum album",90
"1333","Verbascum chaixii",2
"1334","Verbascum lychnitis",15
"1335","Verbascum nigrum",7
"1336","Verbascum pulverulentum",1
"1337","Verbascum thapsus",11
"1338","Verbena officinalis",1
"1339","Veronica agrestis",1
"1340","Veronica allionii",25
"1341","Veronica alpina",35
"1342","Veronica anagallis-aquatica",4
"1343","Veronica aphylla",12
"1344","Veronica arvensis",22
"1345","Veronica austriaca",2
"1346","Veronica beccabunga",12
"1347","Veronica bellidioides",19
"1348","Veronica chamaedrys",60
"1349","Veronica fruticans",90
"1350","Veronica fruticulosa",7
"1351","Veronica hederifolia",8
"1352","Veronica officinalis",30
"1353","Veronica persica",3
"1354","Veronica serpyllifolia",7
"1355","Veronica spicata",5
"1356","Veronica triphyllos",1
"1357","Veronica urticifolia",21
"1358","Veronica verna",2
"1359","Viburnum lantana",33
"1360","Viburnum opulus",7
"1361","Vicia cracca",51
"1362","Vicia hirsuta",2
"1363","Vicia hybrida",1
"1364","Vicia onobrychioides",4
"1365","Vicia sativa",5
"1366","Vicia sepium",38
"1367","Vicia sylvatica",8
"1368","Vicia tenuifolia",19
"1369","Vicia tetrasperma",1
"1370","Vinca minor",2
"1371","Vincetoxicum hirundinaria",82
"1372","Viola biflora",55
"1373","Viola calcarata",64
"1374","Viola canina",1
"1375","Viola hirta",19
"1376","Viola laricicola",1
"1377","Viola mirabilis",3
"1378","Viola NA",11
"1379","Viola odorata",3
"1380","Viola palustris",3
"1381","Viola pyrenaica",10
"1382","Viola reichenbachiana",17
"1383","Viola riviniana",15
"1384","Viola rupestris",3
"1385","Viola suavis",6
"1386","Viola tricolor",19
"1387","Viscum album",3
"1388","Vulpia quadriflora",26
"1389","Woodsia alpina",3
"1390","Xeranthemum inapertum",1
